Workbook
Name FID_1: #REF!

Sheet EBF TJ
D2: COA | E2: OIL | F2: HYD | G2: SOL | H2: WIN | I2: BIO | J2: ELC
D3: Coal | E3: Oil | F3: Hydopower | G3: Solar | H3: Wind | I3: Biomass | J3: Electricity | K3: Total
C4: PRIMARY
B5: MIN | C5: Domestic Supply | D5: 16266.24 | E5: 0 | F5: 60374.92 | G5: 126 | H5: 1904.4 | I5: 1736171.9 | J5: =F5+G5+H5 -> 62405.32 | K5: =SUM(D5:J5) -> 1877248.8
B6: IMP | C6: Imports | D6: 11367.581 | E6: 213670.37 | J6: 0 | K6: =SUM(D6:J6) -> 225037.95
B7: EXP | C7: Exports | J7: -6300
B8: TPS | C8: Total Primary Supply | D8: =SUM(D5:D6) -> 27633.821 | E8: =SUM(E5:E6) -> 213670.37 | F8: =SUM(F5:F6) -> 60374.92 | G8: =SUM(G5:G7) -> 126 | H8: =SUM(H5:H7) -> 1904.4 | I8: =SUM(I5:I7) -> 1736171.9 | J8: =SUM(J5:J7) -> 56105.32 | K8: =SUM(K5:K6) -> 2102286.7
C9: CONVERSION
B10: ESC | C10: Energy Sector Consumption | J10: -209 | K10: =SUM(D10:J10) -> -209
B11: ELC | C11: Electricity Plants | E11: -7.2 | F11: =-F8 -> -60374.92 | G11: =-G5 -> -126 | H11: =-H5 -> -1904.4 | J11: =J5-J7 -> 68705.32 | K11: =SUM(D11:J11) -> 6292.8
B12: HPL | C12: Heat Plants and other transformations | D12: -27634 | E12: =-E8+E11 -> -213677.57 | I12: =-I8 -> -1736171.9 | J12: 0 | K12: =SUM(D12:J12) -> -1977483.5
C13: Total Conversion | D13: =SUM(D10:D12) -> -27634 | E13: =SUM(E10:E12) -> -213684.77 | F13: =SUM(F10:F12) -> -60374.92 | G13: =SUM(G10:G12) -> -126 | H13: =SUM(H10:H12) -> -1904.4 | I13: =SUM(I10:I12) -> -1736171.9 | J13: =SUM(J10:J12) -> 68496.32 | K13: =SUM(D13:J13) -> -1971399.7
C14: FINAL
B15: RSD | C15: Residential | E15: 4898.552 | I15: 1388448.9 | J15: 21938.832 | K15: =SUM(D15:J15) -> 1415286.2
B16: COM | C16: Commercial | E16: 3076.854 | I16: 15030.37 | J16: 9252.828 | K16: =SUM(D16:J16) -> 27360.052
B17: IND | C17: Industry | K17: =SUM(D17:J17) -> 0
B18: MAN | C18: Manufacturing | D18: 27634.417 | E18: 9378.432 | J18: 10301.619 | K18: =SUM(D18:J18) -> 47314.469
B19: CON | C19: Construction | E19: 31613.268 | J19: 542.1905 | K19: =SUM(D19:J19) -> 32155.458
B20: AGR | C20: Agriculture | E20: 7289.813 | K20: =SUM(D20:J20) -> 7289.813
B21: TRA | C21: Transport | E21: 100365.84 | I21: 399.027 | J21: 167.472 | K21: =SUM(D21:J21) -> 100932.34
B22: OTH | C22: Other | E22: 7289.813 | K22: =SUM(D22:J22) -> 7289.813
B23: NEN | C23: Non Energy | E23: 4304.424 | K23: =SUM(D23:J23) -> 4304.424
B24: BNK | C24: Bunkers | E24: 45897 | K24: =SUM(D24:J24) -> 45897
B25: TFC | C25: Total Final Consumption | D25: =SUM(D15:D24) -> 27634.417 | E25: =SUM(E15:E24) -> 214114 | I25: =SUM(I15:I24) -> 1403878.3 | J25: =SUM(J15:J24) -> 42202.942 | K25: =SUM(K15:K24) -> 1687829.6
C65: CO2 | D65: Nox | E65: VOC
B66: Emission by sector | C66: Carbon dioxide | D66: NOX | E66: VOC
B67: MAN | C67: 1

Sheet EBF
N1: Default Units | O1: Currency | P1: Activity | Q1: Emissions
D2: COA | E2: OIL | F2: HYD | G2: SOL | H2: WIN | I2: BIO | J2: ELC | O2: TH$2024 | P2: GWh | Q2: ktoe
D3: Coal | E3: Oil | F3: Hydopower | G3: Solar | H3: Wind | I3: Biomass | J3: Electricity | K3: Total
C4: PRIMARY
B5: MIN | C5: Domestic Supply | D5: ='EBF TJ'!D5*0.2777778 -> 4518.4004 | E5: ='EBF TJ'!E5*0.2777778 -> 0 | F5: ='EBF TJ'!F5*0.2777778 -> 16770.812 | G5: ='EBF TJ'!G5*0.2777778 -> 35.000003 | H5: ='EBF TJ'!H5*0.2777778 -> 529.00004 | I5: ='EBF TJ'!I5*0.2777778 -> 482270.01 | J5: ='EBF TJ'!J5*0.2777778 -> 17334.812 | K5: =SUM(D5:J5) -> 521458.04
B6: IMP | C6: Imports | D6: ='EBF TJ'!D6*0.2777778 -> 3157.6616 | E6: ='EBF TJ'!E6*0.2777778 -> 59352.885 | F6: ='EBF TJ'!F6*0.2777778 -> 0 | G6: ='EBF TJ'!G6*0.2777778 -> 0 | H6: ='EBF TJ'!H6*0.2777778 -> 0 | I6: ='EBF TJ'!I6*0.2777778 -> 0 | J6: ='EBF TJ'!J6*0.2777778 -> 0 | K6: =SUM(D6:J6) -> 62510.546
B7: EXP | C7: Exports | D7: ='EBF TJ'!D7*0.2777778 -> 0 | E7: ='EBF TJ'!E7*0.2777778 -> 0 | F7: ='EBF TJ'!F7*0.2777778 -> 0 | G7: ='EBF TJ'!G7*0.2777778 -> 0 | H7: ='EBF TJ'!H7*0.2777778 -> 0 | I7: ='EBF TJ'!I7*0.2777778 -> 0 | J7: ='EBF TJ'!J7*0.2777778 -> -1750.0001
B8: TPS | C8: Total Primary Supply | D8: =SUM(D5:D6) -> 7676.062 | E8: =SUM(E5:E6) -> 59352.885 | F8: =SUM(F5:F6) -> 16770.812 | G8: =SUM(G5:G7) -> 35.000003 | H8: =SUM(H5:H7) -> 529.00004 | I8: =SUM(I5:I7) -> 482270.01 | J8: =SUM(J5+J6-J7) -> 19084.813 | K8: =SUM(K5:K6) -> 583968.59
C9: CONVERSION
B10: ESC | C10: Energy Sector Consumption | J10: ='EBF TJ'!J10*0.2777778 -> -58.05556
B11: ELC | C11: Electricity Plants | E11: ='EBF TJ'!E11*0.2777778 -> -2.0000002 | F11: ='EBF TJ'!F11*0.2777778 -> -16770.812
B12: HPL | C12: Heat Plants and other transformations | D12: ='EBF TJ'!D12*0.2777778 -> -7676.1117 | E12: ='EBF TJ'!E12*0.2777778 -> -59354.885 | F12: ='EBF TJ'!F12*0.2777778 -> 0 | G12: ='EBF TJ'!G12*0.2777778 -> 0 | H12: ='EBF TJ'!H12*0.2777778 -> 0 | I12: ='EBF TJ'!I12*0.2777778 -> -482270.01 | J12: ='EBF TJ'!J12*0.2777778 -> 0 | K12: =SUM(D12:J12) -> -549301.01
C13: Total Conversion | D13: =SUM(D10:D12) -> -7676.1117 | E13: =SUM(E10:E12) -> -59356.885 | J13: =SUM(J10:J12) -> -58.05556 | K13: =SUM(K10:K12) -> -549301.01
C14: FINAL
B15: RSD | C15: Residential | D15: ='EBF TJ'!D15*0.2777778 -> 0 | E15: ='EBF TJ'!E15*0.2777778 -> 1360.709 | F15: ='EBF TJ'!F15*0.2777778 -> 0 | G15: ='EBF TJ'!G15*0.2777778 -> 0 | H15: ='EBF TJ'!H15*0.2777778 -> 0 | I15: ='EBF TJ'!I15*0.2777778 -> 385680.27 | J15: ='EBF TJ'!J15*0.2777778 -> 6094.1205 | K15: =SUM(D15:J15) -> 393135.1
B16: COM | C16: Commercial | D16: ='EBF TJ'!D16*0.2777778 -> 0 | E16: ='EBF TJ'!E16*0.2777778 -> 854.68174 | F16: ='EBF TJ'!F16*0.2777778 -> 0 | G16: ='EBF TJ'!G16*0.2777778 -> 0 | H16: ='EBF TJ'!H16*0.2777778 -> 0 | I16: ='EBF TJ'!I16*0.2777778 -> 4175.1031 | J16: ='EBF TJ'!J16*0.2777778 -> 2570.2302 | K16: =SUM(D16:J16) -> 7600.0151
B17: IND | C17: Industry | D17: ='EBF TJ'!D17*0.2777778 -> 0 | E17: ='EBF TJ'!E17*0.2777778 -> 0 | F17: ='EBF TJ'!F17*0.2777778 -> 0 | G17: ='EBF TJ'!G17*0.2777778 -> 0 | H17: ='EBF TJ'!H17*0.2777778 -> 0 | I17: ='EBF TJ'!I17*0.2777778 -> 0 | J17: ='EBF TJ'!J17*0.2777778 -> 0 | K17: =SUM(D17:J17) -> 0
B18: MAN | C18: Manufacturing | D18: ='EBF TJ'!D18*0.2777778 -> 7676.2276 | E18: ='EBF TJ'!E18*0.2777778 -> 2605.1202 | F18: ='EBF TJ'!F18*0.2777778 -> 0 | G18: ='EBF TJ'!G18*0.2777778 -> 0 | H18: ='EBF TJ'!H18*0.2777778 -> 0 | I18: ='EBF TJ'!I18*0.2777778 -> 0 | J18: ='EBF TJ'!J18*0.2777778 -> 2861.5612 | K18: =SUM(D18:J18) -> 13142.909
B19: CON | C19: Construction | D19: ='EBF TJ'!D19*0.2777778 -> 0 | E19: ='EBF TJ'!E19*0.2777778 -> 8781.464 | F19: ='EBF TJ'!F19*0.2777778 -> 0 | G19: ='EBF TJ'!G19*0.2777778 -> 0 | H19: ='EBF TJ'!H19*0.2777778 -> 0 | I19: ='EBF TJ'!I19*0.2777778 -> 0 | J19: ='EBF TJ'!J19*0.2777778 -> 150.60848 | K19: =SUM(D19:J19) -> 8932.0725
B20: AGR | C20: Agriculture | D20: ='EBF TJ'!D20*0.2777778 -> 0 | E20: ='EBF TJ'!E20*0.2777778 -> 2024.9482 | F20: ='EBF TJ'!F20*0.2777778 -> 0 | G20: ='EBF TJ'!G20*0.2777778 -> 0 | H20: ='EBF TJ'!H20*0.2777778 -> 0 | I20: ='EBF TJ'!I20*0.2777778 -> 0 | J20: ='EBF TJ'!J20*0.2777778 -> 0 | K20: =SUM(D20:J20) -> 2024.9482
B21: TRA | C21: Transport | D21: ='EBF TJ'!D21*0.2777778 -> 0 | E21: ='EBF TJ'!E21*0.2777778 -> 27879.403 | F21: ='EBF TJ'!F21*0.2777778 -> 0 | G21: ='EBF TJ'!G21*0.2777778 -> 0 | H21: ='EBF TJ'!H21*0.2777778 -> 0 | I21: ='EBF TJ'!I21*0.2777778 -> 110.84084 | J21: ='EBF TJ'!J21*0.2777778 -> 46.520004 | K21: =SUM(D21:J21) -> 28036.764
B22: OTH | C22: Other | D22: ='EBF TJ'!D22*0.2777778 -> 0 | E22: ='EBF TJ'!E22*0.2777778 -> 2024.9482 | F22: ='EBF TJ'!F22*0.2777778 -> 0 | G22: ='EBF TJ'!G22*0.2777778 -> 0 | H22: ='EBF TJ'!H22*0.2777778 -> 0 | I22: ='EBF TJ'!I22*0.2777778 -> 0 | J22: ='EBF TJ'!J22*0.2777778 -> 0 | K22: =SUM(D22:J22) -> 2024.9482
B23: NEN | C23: Non Energy | D23: ='EBF TJ'!D23*0.2777778 -> 0 | E23: ='EBF TJ'!E23*0.2777778 -> 1195.6734 | F23: ='EBF TJ'!F23*0.2777778 -> 0 | G23: ='EBF TJ'!G23*0.2777778 -> 0 | H23: ='EBF TJ'!H23*0.2777778 -> 0 | I23: ='EBF TJ'!I23*0.2777778 -> 0 | J23: ='EBF TJ'!J23*0.2777778 -> 0 | K23: =SUM(D23:J23) -> 1195.6734
B24: BNK | C24: Bunkers | D24: ='EBF TJ'!D24*0.2777778 -> 0 | E24: ='EBF TJ'!E24*0.2777778 -> 12749.168 | F24: ='EBF TJ'!F24*0.2777778 -> 0 | G24: ='EBF TJ'!G24*0.2777778 -> 0 | H24: ='EBF TJ'!H24*0.2777778 -> 0 | I24: ='EBF TJ'!I24*0.2777778 -> 0 | J24: ='EBF TJ'!J24*0.2777778 -> 0 | K24: =SUM(D24:J24) -> 12749.168
B25: TFC | C25: Total Final Consumption | D25: =SUM(D15:D24) -> 7676.2276 | E25: =SUM(E15:E24) -> 59476.116 | I25: =SUM(I15:I24) -> 389966.22 | J25: =SUM(J15:J24) -> 11723.04 | K25: =SUM(K15:K24) -> 468841.6
C37: Manufacturing sector | D37: COA | E37: Oil
C38: Domestic Supply Curve Share - Step 1 | D38: =D5/(D18) -> 0.58862251
C39: Domestic Supply Curve Share - Step 2 | D39: =D6/(D18) -> 0.41135592
C40: Toal | D40: =D18/(D18+E18) -> 0.74661686 | E40: =E18/(E18) -> 1
D44: COA | E44: OIL | F44: HYD | G44: SOL | H44: WIN | I44: BIO | J44: ELC
B45: Sector | C45: Break/out by end-use | D45: Solid Fuels | E45: Oil | F45: Hydopower | G45: Solar | H45: Wind | I45: Biomass | J45: Electricity | K45: Total
B46: MAN | C46: DM1: Cement heat | D46: =D18/(D18+E18) -> 0.74661686 | K46: =SUM(D46:J46) -> 0.74661686 | L46: =C46 -> DM1: Cement heat
B47: MAN | C47: DM2: Non-cement process heat | E47: =E18/(D18+E18) -> 0.25338314 | K47: =SUM(D47:J47) -> 0.25338314 | L47: =C47 -> DM2: Non-cement process heat
B48: MAN | C48: DM3 : Machine dive, lighting, cooling , refrigration etc | J48: 1 | K48: =SUM(D48:J48) -> 1 | L48: =C48 -> DM3 : Machine dive, lighting, cooling , refrigration etc
C53: CO2 | D53: Nox | E53: VOC
B54: Emission by sector | C54: Carbon dioxide | D54: NOX | E54: VOC
B55: MAN | C55: 1

Sheet PRI_Sector_Fuels
B1: Sector Name | C1: Commodity | D1: Description | E1: Default Unit | G1: Currency Unit
C2: =EBF!D2 -> COA | D2: =EBF!D3 -> Coal | E2: GWh | G2: =EBF!O2 -> TH$2024 | M2: ~FI_Comm
C3: OIL | D3: Oil | E3: GWh | G3: =EBF!O2 -> TH$2024 | M3: Csets | N3: Region | O3: CommName | P3: CommDesc | Q3: Unit | R3: LimType | S3: CTSLvl | T3: PeakTS | U3: Ctype
C4: GRID | D4: GRID Electricity | E4: GWh | G4: =EBF!O2 -> TH$2024 | M4: *Commodity Set Membership | N4: Region Name | O4: Commodity Name | P4: Commodity Description | Q4: Unit | R4: Sense of the Balance EQN. | S4: Timeslice Level | T4: Peak Monitoring | U4: Electricity Indicator
M5: NRG | O5: MANCOALMIN | P5: Manufacturing coal-domestic | Q5: GWh | S5: DayNite
M6: NRG | O6: MANCOALIMP | P6: Manufacturing coal-imported | Q6: GWh | S6: DayNite
M7: NRG | O7: MANOILIMP | P7: Manufacturing oil-imported | Q7: GWh | S7: DayNite
M8: ELC | O8: GRIDELC | P8: Aggrigate electricity demand of manufacturing sector | Q8: GWh | S8: DayNite
F19: ~FI_T | M19: ~FI_Process
B20: TechName | C20: Comm-IN | D20: Comm-OUT | E20: Year | F20: LimType | G20: CUM | H20: COST | I20: ACT_BND | J20: CAP2ACT | M20: Sets | N20: Region | O20: TechName | P20: TechDesc | Q20: Tact | R20: Tcap | S20: Tslvl | T20: PrimaryCG | U20: Vintage
B21: *Technology Name | C21: Input Commodity | D21: Output Commodity | G21: Reserves Cumulative Value | H21: Cost | I21: Annual Production Bound | J21: conversion factor from cap to act | M21: *Process Set Membership | N21: Region Name | O21: Technology Name | P21: Technology Description | Q21: Activity Unit | R21: Capacity Unit | S21: TimeSlice level of Process Activity | T21: Primary Commodity Group | U21: Vintage Tracking
B22: *Units | G22: =$E$2 -> GWh | H22: TH2024USD/GWh | I22: =$E$2 -> GWh | M22: *
B23: =O23 -> MINCOA | D23: =O$5 -> MANCOALMIN | E23: 2022 | G23: 3333333.3 | H23: 8.0665446 | J23: 8.76 | M23: =EBF!$B$5 -> MIN | O23: =$M$23&$C$2 -> MINCOA | P23: ="Domestic Supply of "&$D$2&" " -> Domestic Supply of Coal | Q23: GWh | S23: DayNite
B24: =O24 -> IMPCOA | D24: =O$6 -> MANCOALIMP | E24: 2022 | H24: 22.318503 | J24: 8.76 | M24: =EBF!$B$6 -> IMP | O24: =$M$24&$C$2 -> IMPCOA | P24: ="Import of "&$D$2&" " -> Import of Coal | Q24: GWh | S24: DayNite
B25: =O25 -> IMPOIL | D25: =O$7 -> MANOILIMP | E25: 2022 | H25: 31.054603 | J25: 8.76 | M25: =EBF!B6 -> IMP | O25: =$M$25&$C$3 -> IMPOIL | P25: ="Import of "&$D$3&" " -> Import of Oil | Q25: GWh | S25: DayNite
B26: =O26 -> ELCGRID | D26: =O8 -> GRIDELC | E26: 2022 | H26: 100 | J26: 8.76 | M26: ELC | O26: =$M$26&$C$4 -> ELCGRID | P26: Grid electricity | Q26: GWh | S26: DayNite
C39: User inputs
C40: Linked to the Energy Balance

Sheet DemTechs_INDF
B1: Sector Name | C1: Description | D1: Type | E1: Default Unit | F1: Currency Unit | N1: Existing
B2: =EBF!B18 -> MAN | C2: =EBF!C18 -> Manufacturing | D2: ="Demand Technologies" -> Demand Technologies | E2: =EBF!P2 -> GWh | F2: =EBF!O2 -> TH$2024 | N2: E | X2: ~FI_Comm
X3: Csets | Y3: Region | Z3: CommName | AA3: CommDesc | AB3: Unit | AC3: LimType | AD3: CTSLvl | AE3: PeakTS | AF3: Ctype
X4: *Commodity Set Membership | Y4: Region Name | Z4: Commodity Name | AA4: Commodity Description | AB4: Unit | AC4: Sense of the Balance EQN. | AD4: Timeslice Level | AE4: Peak Monitoring | AF4: Electricity Indicator
X5: DEM | Z5: MANHEAT | AA5: Manufacturing Heat from Oil | AB5: GWh
X6: DEM | Z6: MANELC | AA6: Manufacturing ElectricitySupply-ELC | AB6: GWh
X7: ENV | Z7: =$B$2&EBF!C53 -> MANCO2 | AA7: =$C$2&" "&EBF!C53 -> Manufacturing CO2 | AB7: =EBF!Q2 -> ktoe
X8: DEM | Z8: CEMENTHEAT | AA8: Manufacturing Heat from Coal | AB8: GWh
X9: ELC | Z9: ELC | AA9: Electricity | AB9: GWh
D16: ~FI_T | X16: ~FI_Process
B17: TechName | C17: Comm-IN | D17: Comm-OUT | E17: START | F17: Share-I~FX~2022 | G17: Share-I~LO~2025 | H17: Share-I~LO~2030 | I17: Share-I~LO~2035 | J17: Share-I~LO~2040 | K17: Share-I~LO~2045 | L17: Share-I~LO~2050 | M17: EFF | N17: AFA | O17: LIFE | P17: NCAP_BND | Q17: INVCOST | R17: FIXOM | S17: VAROM | T17: CAP2ACT | U17: ENV_ACT | V17: Peak | X17: Sets | Y17: Region | Z17: TechName | AA17: TechDesc | AB17: Tact | AC17: Tcap | AD17: Tslvl | AE17: PrimaryCG | AF17: Vintage
B18: *Technology Name | C18: Input Commodity | D18: Output Commodity | E18: Existing Installed Capacity | F18: Input Share | G18: Input Share | H18: Input Share | I18: Input Share | J18: Input Share | K18: Input Share | L18: Input Share | M18: Efficiency | N18: Utilisation Factor | O18: Lifetime | P18: New capacity bound | Q18: Inestment Cost | R18: Fixed O&M Cost | S18: Variable O&M Cost | T18: conversion factor from cap to act | U18: Activity Emission Coefficient | V18: % contribution | X18: *Process Set Membership | Y18: Region Name | Z18: Technology Name | AA18: Technology Description | AB18: Activity Unit | AC18: Capacity Unit | AD18: TimeSlice level of Process Activity | AE18: Primary Commodity Group | AF18: Vintage Tracking
B19: *Units | E19: MWa | F19: % | G19: % | H19: % | I19: % | J19: % | K19: % | L19: % | O19: Years | Q19: TH$2024USD | R19: 2024THUSD/MW | S19: 2024THUSD/MWh | U19: ktCO₂/GWh | X19: *
B20: =Z$20 -> Kiln | C20: =PRI_Sector_Fuels!O5 -> MANCOALMIN | D20: =Z8 -> CEMENTHEAT | F20: 0.59 | M20: 0.556 | N20: 1 | O20: 25 | Q20: 628.9 | R20: 4.46 | S20: 0.45 | T20: 8.76 | X20: DMD | Z20: Kiln | AA20: Coal to heat transformation technology | AB20: =$E$2 -> GWh | AC20: MW | AD20: DayNite
B21: =Z$20 -> Kiln | C21: =PRI_Sector_Fuels!O6 -> MANCOALIMP | D21: =Z$8 -> CEMENTHEAT | F21: 0.41136477 | G21: 0.25 | H21: 0.25 | I21: 0.25 | J21: 0.25 | K21: 0.25 | L21: 0.25 | M21: 0.556 | N21: 1 | O21: 25 | Q21: 628.9 | R21: 4.46 | S21: 0.45 | T21: 8.76 | X21: DMD | Z21: Boiler | AA21: Oil to heat transformation technology | AB21: =$E$2 -> GWh | AC21: MW | AD21: DayNite
B22: =Z$21 -> Boiler | C22: =PRI_Sector_Fuels!O7 -> MANOILIMP | D22: =Z$5 -> MANHEAT | F22: 1 | M22: 0.8 | N22: 1 | O22: 25 | Q22: 62.9 | R22: 2.3 | S22: 1.82 | T22: 8.76 | X22: DMD | Z22: MANELC_TECH | AA22: Manufacturing Electricity for machine drive and other services | AB22: GWh | AC22: MW | AD22: DayNite
B23: =Z22 -> MANELC_TECH | C23: =Z9 -> ELC | D23: =Z6 -> MANELC | F23: 1 | M23: 1 | N23: 1 | O23: 50 | T23: 8.76 | V23: 1 | X23: ELC | Z23: ELCAGG | AA23: Electricity aggrigator | AB23: GWh | AC23: MW | AD23: DayNite
B24: Kiln | D24: MANCO2 | U24: 0.341
B25: Boiler | D25: MANCO2 | U25: 0.259
B26: =Z23 -> ELCAGG | C26: =PRI_Sector_Fuels!D26 -> GRIDELC | D26: =Z9 -> ELC | M26: 1 | N26: 1 | O26: 50 | Q26: 0 | R26: 0 | S26: 0 | T26: 8.76
C37: User inputs
C38: Linked to the Energy Balance
B44: *Technology Name | C44: Input Commodity | D44: Output Commodity | E44: Existing Installed Capacity | F44: Input Share | G44: Input Share | H44: Input Share | I44: Input Share | J44: Input Share | K44: Input Share | L44: Input Share
B45: *Units | E45: MWa | F45: % | G45: % | H45: % | I45: % | J45: % | K45: % | L45: %
B46: Kiln | C46: MANCOALMIN | D46: CEMENTHEAT | F46: 0.59
B47: Kiln | C47: MANCOALIMP | D47: CEMENTHEAT | F47: 0.41136477 | G47: 0.2358531 | H47: 0.073264516 | I47: 0.01984745 | J47: 0.005159855 | K47: 0.0013267246 | L47: 0.00034015962
B48: Boiler | C48: MANOILIMP | D48: MANHEAT | F48: 1 | G48: 1 | H48: 1 | I48: 1 | J48: 1 | K48: 1 | L48: 1
B49: MANELC | C49: ELC | D49: MANELC | F49: 1 | G49: 1 | H49: 1 | I49: 1 | J49: 1 | K49: 1 | L49: 1

Sheet Demands
B1: Sector Name | C1: Commodity | D1: Description | E1: Default Unit | F1: Currency Unit
B2: DEM | E2: =EBF!P2 -> GWh | F2: =EBF!O2 -> TH$2024
C5: ~FI_T
B6: Attribute | C6: CommName | D6: *Unit | E6: 2022 | J6: ~FI_T | O6: ~FI_T | T6: ~FI_T
B7: * | C7: Demand Commodity Name | D7: Demand Unit | E7: Demand Value | H7: Attribute | I7: CommName | J7: Timeslices | K7: 2022 | M7: Attribute | N7: CommName | O7: Timeslices | P7: 2022 | R7: Attribute | S7: CommName | T7: Timeslices | U7: 2022
B8: *Units | E8: GWh | H8: * | I8: Demand Commodity Name | M8: * | N8: Demand Commodity Name | R8: * | S8: Demand Commodity Name
B9: Demand | C9: MANHEAT | D9: GWh | E9: =EBF!E18 -> 2605.1202 | H9: *Units | J9: Timeslices | M9: *Units | O9: Timeslices | R9: *Units | T9: Timeslices
B10: Demand | C10: MANELC | D10: GWh | E10: =EBF!J18 -> 2861.5612 | H10: COM_FR | I10: =DemTechs_INDF!Z$6 -> MANELC | J10: W_01 | K10: 0.033566276 | M10: COM_FR | N10: =DemTechs_INDF!Z$5 -> MANHEAT | O10: W_01 | P10: 0.033566276 | R10: COM_FR | S10: =DemTechs_INDF!Z$8 -> CEMENTHEAT | T10: W_01 | U10: 0.033566276
B11: Demand | C11: CEMENTHEAT | D11: GWh | E11: =EBF!D18 -> 7676.2276 | H11: COM_FR | I11: =DemTechs_INDF!Z$6 -> MANELC | J11: W_02 | K11: 0.033302706 | M11: COM_FR | N11: =DemTechs_INDF!Z$5 -> MANHEAT | O11: W_02 | P11: 0.033302706 | R11: COM_FR | S11: =DemTechs_INDF!Z$8 -> CEMENTHEAT | T11: W_02 | U11: 0.033302706
H12: COM_FR | I12: =DemTechs_INDF!Z$6 -> MANELC | J12: W_03 | K12: 0.033481814 | M12: COM_FR | N12: =DemTechs_INDF!Z$5 -> MANHEAT | O12: W_03 | P12: 0.033481814 | R12: COM_FR | S12: =DemTechs_INDF!Z$8 -> CEMENTHEAT | T12: W_03 | U12: 0.033481814
H13: COM_FR | I13: =DemTechs_INDF!Z$6 -> MANELC | J13: W_04 | K13: 0.033611382 | M13: COM_FR | N13: =DemTechs_INDF!Z$5 -> MANHEAT | O13: W_04 | P13: 0.033611382 | R13: COM_FR | S13: =DemTechs_INDF!Z$8 -> CEMENTHEAT | T13: W_04 | U13: 0.033611382
H14: COM_FR | I14: =DemTechs_INDF!Z$6 -> MANELC | J14: W_05 | K14: 0.034004821 | M14: COM_FR | N14: =DemTechs_INDF!Z$5 -> MANHEAT | O14: W_05 | P14: 0.034004821 | R14: COM_FR | S14: =DemTechs_INDF!Z$8 -> CEMENTHEAT | T14: W_05 | U14: 0.034004821
H15: COM_FR | I15: =DemTechs_INDF!Z$6 -> MANELC | J15: W_06 | K15: 0.034081384 | M15: COM_FR | N15: =DemTechs_INDF!Z$5 -> MANHEAT | O15: W_06 | P15: 0.034081384 | R15: COM_FR | S15: =DemTechs_INDF!Z$8 -> CEMENTHEAT | T15: W_06 | U15: 0.034081384
H16: COM_FR | I16: =DemTechs_INDF!Z$6 -> MANELC | J16: W_07 | K16: 0.033156796 | M16: COM_FR | N16: =DemTechs_INDF!Z$5 -> MANHEAT | O16: W_07 | P16: 0.033156796 | R16: COM_FR | S16: =DemTechs_INDF!Z$8 -> CEMENTHEAT | T16: W_07 | U16: 0.033156796
H17: COM_FR | I17: =DemTechs_INDF!Z$6 -> MANELC | J17: W_08 | K17: 0.036518071 | M17: COM_FR | N17: =DemTechs_INDF!Z$5 -> MANHEAT | O17: W_08 | P17: 0.036518071 | R17: COM_FR | S17: =DemTechs_INDF!Z$8 -> CEMENTHEAT | T17: W_08 | U17: 0.036518071
H18: COM_FR | I18: =DemTechs_INDF!Z$6 -> MANELC | J18: W_09 | K18: 0.047257353 | M18: COM_FR | N18: =DemTechs_INDF!Z$5 -> MANHEAT | O18: W_09 | P18: 0.047257353 | R18: COM_FR | S18: =DemTechs_INDF!Z$8 -> CEMENTHEAT | T18: W_09 | U18: 0.047257353
H19: COM_FR | I19: =DemTechs_INDF!Z$6 -> MANELC | J19: W_10 | K19: 0.056756579 | M19: COM_FR | N19: =DemTechs_INDF!Z$5 -> MANHEAT | O19: W_10 | P19: 0.056756579 | R19: COM_FR | S19: =DemTechs_INDF!Z$8 -> CEMENTHEAT | T19: W_10 | U19: 0.056756579
H20: COM_FR | I20: =DemTechs_INDF!Z$6 -> MANELC | J20: W_11 | K20: 0.055715024 | M20: COM_FR | N20: =DemTechs_INDF!Z$5 -> MANHEAT | O20: W_11 | P20: 0.055715024 | R20: COM_FR | S20: =DemTechs_INDF!Z$8 -> CEMENTHEAT | T20: W_11 | U20: 0.055715024
H21: COM_FR | I21: =DemTechs_INDF!Z$6 -> MANELC | J21: W_12 | K21: 0.056345483 | M21: COM_FR | N21: =DemTechs_INDF!Z$5 -> MANHEAT | O21: W_12 | P21: 0.056345483 | R21: COM_FR | S21: =DemTechs_INDF!Z$8 -> CEMENTHEAT | T21: W_12 | U21: 0.056345483
H22: COM_FR | I22: =DemTechs_INDF!Z$6 -> MANELC | J22: W_13 | K22: 0.048662134 | M22: COM_FR | N22: =DemTechs_INDF!Z$5 -> MANHEAT | O22: W_13 | P22: 0.048662134 | R22: COM_FR | S22: =DemTechs_INDF!Z$8 -> CEMENTHEAT | T22: W_13 | U22: 0.048662134
H23: COM_FR | I23: =DemTechs_INDF!Z$6 -> MANELC | J23: W_14 | K23: 0.050293527 | M23: COM_FR | N23: =DemTechs_INDF!Z$5 -> MANHEAT | O23: W_14 | P23: 0.050293527 | R23: COM_FR | S23: =DemTechs_INDF!Z$8 -> CEMENTHEAT | T23: W_14 | U23: 0.050293527
... H35: COM_FR | I35: =DemTechs_INDF!Z$6 -> MANELC | J35: D_02 | K35: 0.031306102 | M35: COM_FR | N35: =DemTechs_INDF!Z$5 -> MANHEAT | O35: D_02 | P35: 0.031306102 | R35: COM_FR | S35: =DemTechs_INDF!Z$8 -> CEMENTHEAT | T35: D_02 | U35: 0.031306102
C36: User inputs | H36: COM_FR | I36: =DemTechs_INDF!Z$6 -> MANELC | J36: D_03 | K36: 0.030732056 | M36: COM_FR | N36: =DemTechs_INDF!Z$5 -> MANHEAT | O36: D_03 | P36: 0.030732056 | R36: COM_FR | S36: =DemTechs_INDF!Z$8 -> CEMENTHEAT | T36: D_03 | U36: 0.030732056
C37: Linked to the Energy Balance | H37: COM_FR | I37: =DemTechs_INDF!Z$6 -> MANELC | J37: D_04 | K37: 0.031026499 | M37: COM_FR | N37: =DemTechs_INDF!Z$5 -> MANHEAT | O37: D_04 | P37: 0.031026499 | R37: COM_FR | S37: =DemTechs_INDF!Z$8 -> CEMENTHEAT | T37: D_04 | U37: 0.031026499
H38: COM_FR | I38: =DemTechs_INDF!Z$6 -> MANELC | J38: D_05 | K38: 0.031056841 | M38: COM_FR | N38: =DemTechs_INDF!Z$5 -> MANHEAT | O38: D_05 | P38: 0.031056841 | R38: COM_FR | S38: =DemTechs_INDF!Z$8 -> CEMENTHEAT | T38: D_05 | U38: 0.031056841
H39: COM_FR | I39: =DemTechs_INDF!Z$6 -> MANELC | J39: D_06 | K39: 0.031761575 | M39: COM_FR | N39: =DemTechs_INDF!Z$5 -> MANHEAT | O39: D_06 | P39: 0.031761575 | R39: COM_FR | S39: =DemTechs_INDF!Z$8 -> CEMENTHEAT | T39: D_06 | U39: 0.031761575
H40: COM_FR | I40: =DemTechs_INDF!Z$6 -> MANELC | J40: D_07 | K40: 0.0321413 | M40: COM_FR | N40: =DemTechs_INDF!Z$5 -> MANHEAT | O40: D_07 | P40: 0.0321413 | R40: COM_FR | S40: =DemTechs_INDF!Z$8 -> CEMENTHEAT | T40: D_07 | U40: 0.0321413
H41: COM_FR | I41: =DemTechs_INDF!Z$6 -> MANELC | J41: D_08 | K41: 0.035213643 | M41: COM_FR | N41: =DemTechs_INDF!Z$5 -> MANHEAT | O41: D_08 | P41: 0.035213643 | R41: COM_FR | S41: =DemTechs_INDF!Z$8 -> CEMENTHEAT | T41: D_08 | U41: 0.035213643
H42: COM_FR | I42: =DemTechs_INDF!Z$6 -> MANELC | J42: D_09 | K42: 0.051117433 | M42: COM_FR | N42: =DemTechs_INDF!Z$5 -> MANHEAT | O42: D_09 | P42: 0.051117433 | R42: COM_FR | S42: =DemTechs_INDF!Z$8 -> CEMENTHEAT | T42: D_09 | U42: 0.051117433
H43: COM_FR | I43: =DemTechs_INDF!Z$6 -> MANELC | J43: D_10 | K43: 0.062773677 | M43: COM_FR | N43: =DemTechs_INDF!Z$5 -> MANHEAT | O43: D_10 | P43: 0.062773677 | R43: COM_FR | S43: =DemTechs_INDF!Z$8 -> CEMENTHEAT | T43: D_10 | U43: 0.062773677
H44: COM_FR | I44: =DemTechs_INDF!Z$6 -> MANELC | J44: D_11 | K44: 0.061766758 | M44: COM_FR | N44: =DemTechs_INDF!Z$5 -> MANHEAT | O44: D_11 | P44: 0.061766758 | R44: COM_FR | S44: =DemTechs_INDF!Z$8 -> CEMENTHEAT | T44: D_11 | U44: 0.061766758
H45: COM_FR | I45: =DemTechs_INDF!Z$6 -> MANELC | J45: D_12 | K45: 0.064177423 | M45: COM_FR | N45: =DemTechs_INDF!Z$5 -> MANHEAT | O45: D_12 | P45: 0.064177423 | R45: COM_FR | S45: =DemTechs_INDF!Z$8 -> CEMENTHEAT | T45: D_12 | U45: 0.064177423
H46: COM_FR | I46: =DemTechs_INDF!Z$6 -> MANELC | J46: D_13 | K46: 0.050829724 | M46: COM_FR | N46: =DemTechs_INDF!Z$5 -> MANHEAT | O46: D_13 | P46: 0.050829724 | R46: COM_FR | S46: =DemTechs_INDF!Z$8 -> CEMENTHEAT | T46: D_13 | U46: 0.050829724
H47: COM_FR | I47: =DemTechs_INDF!Z$6 -> MANELC | J47: D_14 | K47: 0.054268459 | M47: COM_FR | N47: =DemTechs_INDF!Z$5 -> MANHEAT | O47: D_14 | P47: 0.054268459 | R47: COM_FR | S47: =DemTechs_INDF!Z$8 -> CEMENTHEAT | T47: D_14 | U47: 0.054268459
H48: COM_FR | I48: =DemTechs_INDF!Z$6 -> MANELC | J48: D_15 | K48: 0.059589636 | M48: COM_FR | N48: =DemTechs_INDF!Z$5 -> MANHEAT | O48: D_15 | P48: 0.059589636 | R48: COM_FR | S48: =DemTechs_INDF!Z$8 -> CEMENTHEAT | T48: D_15 | U48: 0.059589636
H49: COM_FR | I49: =DemTechs_INDF!Z$6 -> MANELC | J49: D_16 | K49: 0.059904364 | M49: COM_FR | N49: =DemTechs_INDF!Z$5 -> MANHEAT | O49: D_16 | P49: 0.059904364 | R49: COM_FR | S49: =DemTechs_INDF!Z$8 -> CEMENTHEAT | T49: D_16 | U49: 0.059904364
... H57: COM_FR | I57: =DemTechs_INDF!Z$6 -> MANELC | J57: D_24 | K57: 0.030240107 | M57: COM_FR | N57: =DemTechs_INDF!Z$5 -> MANHEAT | O57: D_24 | P57: 0.030240107 | R57: COM_FR | S57: =DemTechs_INDF!Z$8 -> CEMENTHEAT | T57: D_24 | U57: 0.030240107

Sheet Emi
B3: Dynamic coefficients for combustion emissions in transport
B5: ~COMEMI
B6: CommName | C6: =PRI_Sector_Fuels!O5 -> MANCOALMIN | D6: =PRI_Sector_Fuels!O6 -> MANCOALIMP | E6: =PRI_Sector_Fuels!O7 -> MANOILIMP | F6: =PRI_Sector_Fuels!O8 -> GRIDELC
B7: *Units | C7: kt/GWh | D7: kt/GWh | E7: kt/GWh | F7: kt/GWh
B9: =DemTechs_INDF!Z7 -> MANCO2 | C9: 0.341 | D9: 0.341 | E9: 0.259 | F9: 0
C24: User inputs
C25: Linked to the Energy Balance
