Workbook
Name FID_1: #REF!

Sheet PRI_Sector_Fuels
B1: Sector Name | C1: Commodity | D1: Description | E1: Default Unit | F1: Currency Unit
C2: WIND | D2: Wind | E2: GWh | F2: TH2024USD/GWh | N2: ~FI_Comm
C3: SOL | D3: Solar | E3: GWh | F3: TH2024USD/GWh | N3: Csets | O3: Region | P3: CommName | Q3: CommDesc | R3: Unit | S3: LimType | T3: CTSLvl | U3: PeakTS | V3: Ctype
C4: BIO | D4: Biomass | E4: GWh | F4: TH2024USD/GWh | N4: *Commodity Set Membership | O4: Region Name | P4: Commodity Name | Q4: Commodity Description | R4: Unit | S4: Sense of the Balance EQN. | T4: Timeslice Level | U4: Peak Monitoring | V4: Electricity Indicator
C5: GAS | D5: Ngas | E5: GWh | F5: TH2024USD/GWh | N5: NRG | P5: MANBIOMIN | Q5: Biomass | R5: GWh | T5: DayNite
N6: NRG | P6: MANGASMIN | Q6: Natural Gas/Domestic | R6: GWh | T6: DayNite
N7: NRG | P7: WIND | Q7: Wind Resource | R7: GWh | T7: DayNite
N8: NRG | P8: SOLAR | Q8: Sollar Radation | R8: GWh | T8: DayNite
F22: ~FI_T | N22: ~FI_Process
B23: TechName | C23: Comm-IN | D23: Comm-OUT | E23: Year | F23: EFF | G23: AFA | H23: LIFE | I23: COST | J23: ACT_BND | K23: CAP2ACT | N23: Sets | O23: Region | P23: TechName | Q23: TechDesc | R23: Tact | S23: Tcap | T23: Tslvl | U23: PrimaryCG | V23: Vintage
B24: *Technology Name | C24: Input Commodity | D24: Output Commodity | E24: Years | F24: Efficiency | G24: Utilisation Factor | H24: Lifetime | I24: Cost | J24: Annual Production Bound | K24: conversion factor from cap to act | N24: *Process Set Membership | O24: Region Name | P24: Technology Name | Q24: Technology Description | R24: Activity Unit | S24: Capacity Unit | T24: TimeSlice level of Process Activity | U24: Primary Commodity Group | V24: Vintage Tracking
B25: *Units | H25: Years | I25: TH2024USD/GWh | J25: GWh | N25: * | O25: ETH
B26: =P26 -> MINBIO | D26: =P5 -> MANBIOMIN | E26: 2030 | F26: 1 | G26: 1 | H26: 50 | I26: 17.16632 | K26: 8.76 | N26: MIN | P26: MINBIO | Q26: ="Domestic Supply of "&$D$4&" " -> Domestic Supply of Biomass | R26: GWh | T26: DayNite
B27: =P27 -> MINGAS | D27: =P6 -> MANGASMIN | E27: 2030 | F27: 1 | G27: 1 | H27: 50 | I27: 33.81766 | K27: 8.76 | N27: MIN | P27: MINGAS | Q27: ="Domestic Supply of "&$D$5&" " -> Domestic Supply of Ngas | R27: GWh | T27: DayNite
B28: =P28 -> MINWIND | D28: =P7 -> WIND | E28: 2030 | G28: 1 | H28: 100 | I28: 0 | K28: 8.76 | N28: MIN | P28: MINWIND | Q28: Wind Resource-Harnessed | R28: GWh | T28: DayNite
B29: =P29 -> MINSOLAR | D29: =P8 -> SOLAR | E29: 2030 | G29: 1 | H29: 100 | I29: 0 | K29: 8.76 | N29: MIN | P29: MINSOLAR | Q29: Solar Radation-Harnessed | R29: GWh | T29: DayNite
C55: User inputs
C56: Linked to the Energy Balance

Sheet DemTechs_INDF
B1: Sector Name | C1: Description | D1: Type | E1: Default Unit | F1: Currency Unit | H1: Existing
B2: MAN | C2: Mamufacturing | D2: ="Demand Technologies" -> Demand Technologies | E2: GWh | F2: TH$2024 | H2: N | V2: ~FI_Comm
V3: Csets | W3: Region | X3: CommName | Y3: CommDesc | Z3: Unit | AA3: LimType | AB3: CTSLvl | AC3: PeakTS | AD3: Ctype
V4: *Commodity Set Membership | W4: Region Name | X4: Commodity Name | Y4: Commodity Description | Z4: Unit | AA4: Sense of the Balance EQN. | AB4: Timeslice Level | AC4: Peak Monitoring | AD4: Electricity Indicator
V5: ELC | X5: SOLELC | Y5: Electricity from solar | Z5: GWh | AB5: DayNite
V6: ELC | X6: WNDELC | Y6: Electricity from Wind | Z6: GWh | AB6: DayNite
V7: ELC | X7: BIOELC | Y7: Electricity from Bioenergy | Z7: GWh | AB7: DayNite
V22: ~FI_Process
D23: ~FI_T | V23: Sets | W23: Region | X23: TechName | Y23: TechDesc | Z23: Tact | AA23: Tcap | AB23: Tslvl | AC23: PrimaryCG | AD23: Vintage
B24: TechName | C24: Comm-IN | D24: Comm-OUT | E24: START | F24: EFF | G24: AFA | H24: LIFE | I24: INVCOST | J24: FIXOM | K24: VAROM | L24: CAP2ACT | M24: ENV_ACT | N24: Share-I~UP~2030 | O24: Share-I~UP~UP~2035 | P24: Share-I~UP~UP~2040 | Q24: Share-I~UP~UP~2045 | R24: Share-I~UP~UP~2050 | S24: Peak | V24: *Process Set Membership | W24: Region Name | X24: Technology Name | Y24: Technology Description | Z24: Activity Unit | AA24: Capacity Unit | AB24: TimeSlice level of Process Activity | AC24: Primary Commodity Group | AD24: Vintage Tracking
B25: *Technology Name | C25: Input Commodity | D25: Output Commodity | E25: Years | F25: Efficiency | G25: Utilisation Factor | H25: Lifetime | I25: Inestment Cost | J25: Fixed O&M Cost | K25: Variable O&M Cost | L25: conversion factor from cap to act | M25: Activity Emission Coefficient | N25: Input Share | O25: Bound on new capacity | P25: Bound on new capacity | Q25: Bound on new capacity | R25: Bound on new capacity | S25: % Contribution | V25: *
B26: *Units | H26: Years | I26: TH2024USD/MW | J26: TH2024USD/MW | K26: TH2024USD/MWh | M26: ktCO₂/GWh | V26: DMD | X26: Furnace | Y26: Manufacturing heat supplier using electricity | Z26: GWh | AA26: MW | AB26: DayNite
B27: =X26 -> Furnace | C27: ELC | D27: MANHEAT | E27: 2030 | F27: 1 | G27: 1 | H27: 25 | I27: 81 | J27: 0 | K27: 0.24 | L27: 8.76 | N27: 0.1 | O27: 0.15 | P27: 0.2 | Q27: 0.25 | R27: 0.35 | V27: DMD | X27: BIOBoiler | Y27: Biomass boiler | Z27: GWh | AA27: MW | AB27: DayNite
B28: =X$27 -> BIOBoiler | C28: =PRI_Sector_Fuels!P5 -> MANBIOMIN | D28: MANHEAT | E28: 2030 | F28: 0.7 | G28: 0.98 | H28: 25 | I28: 797.9 | J28: 48.48 | K28: 3.75 | L28: 8.76 | V28: DMD | X28: BIOKiln | Y28: Biomass kiln | Z28: GWh | AA28: MW | AB28: DayNite
B29: =X30 -> ELCBoiler | C29: ELC | D29: MANHEAT | E29: 2030 | F29: 0.99 | G29: 1 | H29: 25 | I29: 112.9 | J29: 14.26 | K29: 1.22 | L29: 8.76 | N29: 0.2 | O29: 0.25 | P29: 0.3 | Q29: 0.35 | R29: 0.4 | V29: DMD | X29: GASBoiler | Y29: Gas boiler | Z29: GWh | AA29: MW | AB29: DayNite
B30: =X28 -> BIOKiln | C30: =PRI_Sector_Fuels!P5 -> MANBIOMIN | D30: CEMENTHEAT | E30: 2030 | F30: 0.556 | G30: 0.98 | H30: 25 | I30: 297.1 | J30: 4.46 | K30: 0.45 | L30: 8.76 | V30: DMD | X30: ELCBoiler | Y30: Electric boiler | Z30: GWh | AA30: MW | AB30: DayNite
B31: =X29 -> GASBoiler | C31: =PRI_Sector_Fuels!P6 -> MANGASMIN | D31: MANHEAT | E31: 2030 | F31: 0.75 | G31: 0.99 | H31: 25 | I31: 61.4 | J31: 2.57 | K31: 1.35 | L31: 8.76 | V31: DMD | X31: CSP | Y31: Manufacturing heat from Solar | Z31: GWh | AA31: MW | AB31: DayNite
B32: =X32 -> WNDTRBN | C32: =PRI_Sector_Fuels!D28 -> WIND | D32: WNDELC | E32: 2030 | F32: 1 | G32: 0.97 | H32: 25 | I32: 1041 | J32: 38 | K32: 0 | L32: 8.76 | S32: 0.2 | V32: ELC | X32: WNDTRBN | Y32: Electricity from wind | Z32: GWh | AA32: MW | AB32: DayNite
B33: =X33 -> SOLPV | C33: =PRI_Sector_Fuels!D29 -> SOLAR | D33: SOLELC | E33: 2030 | F33: 1 | G33: 0.99 | H33: 25 | I33: 691 | J33: 6.99 | K33: 0 | L33: 8.76 | S33: 0.3 | V33: ELC | X33: SOLPV | Y33: Electricity from Solar PV | Z33: GWh | AA33: MW | AB33: DayNite
B34: =X31 -> CSP | C34: =PRI_Sector_Fuels!D29 -> SOLAR | D34: MANHEAT | E34: 2030 | F34: 1 | G34: 1 | H34: 25 | I34: 3677 | J34: 0 | K34: 14 | L34: 8.76 | V34: ELC | X34: DECELC | Y34: Decenteralized electricity from wind and solar aggrigator | Z34: GWh | AA34: MW | AB34: DayNite
B35: =X29 -> GASBoiler | D35: MANCO2 | E35: 2030 | F35: 1 | G35: 1 | H35: 25 | I35: 0 | J35: 0 | K35: 0 | L35: 8.76 | V35: ELC | X35: BIOPOWER | Y35: Electricity from Bioenergy | Z35: GWh | AA35: MW | AB35: DayNite
B36: =X34 -> DECELC | C36: WNDELC | D36: ELC | E36: 2030 | F36: 1 | G36: 1 | H36: 100 | I36: 0 | J36: 0 | K36: 0 | L36: 8.76
B37: =X34 -> DECELC | C37: SOLELC | D37: ELC | E37: 2030 | F37: 1 | G37: 1 | H37: 100 | I37: 0 | J37: 0 | K37: 0 | L37: 8.76
B38: =X35 -> BIOPOWER | C38: MANBIOMIN | D38: BIOELC | E38: 2030 | F38: 0.35 | G38: 0.98 | H38: 20 | I38: 3242 | J38: 129.68 | K38: 0 | L38: 8.76
B39: DECELC | C39: BIOELC | D39: ELC | E39: 2030 | F39: 1 | G39: 1 | H39: 100 | I39: 0 | J39: 0 | K39: 0 | L39: 0
C52: User inputs
C53: Linked to the Energy Balance
