Workbook

Sheet BY_MANHEAT
B2: ~TFM_FILL
B3: Operation_Sum_Avg_Count | C3: Scenario Name | D3: TimeSlice | E3: LimType | F3: Attribute | G3: Year | H3: ETH | I3: Cset_CN
B4: A | C4: BASE | F4: Demand | G4: 2022 | H4: =[1]Demands!$E$9 -> 2084.096 | I4: =[1]Demands!$C$9 -> MANHEATOIL
B5: A | C5: BASE | F5: Demand | G5: 2022 | H5: =[1]Demands!$E$11 -> 4221.8336 | I5: =[1]Demands!$C$11 -> MANHEATCOAL

Sheet IND_MANHEAT
A1: Trans - Insert | J1: Demand Driver (annual growth)
B2: ~TFM_INS | J2: =BY_MANHEAT!I4 -> MANHEATOIL | K2: MANHEATCOAL
B3: TimeSlice | C3: LimType | D3: Attribute | E3: Year2 | F3: ETH | G3: Cset_CN | J3: ETH | K3: ETH
D4: Demand | E4: 2025 | F4: =BY_MANHEAT!$H$4*(1+$J$4)^(E4-2022) -> 2565.4046 | G4: MANHEAT | J4: =[1]Demands!$M$9 -> 0.071715187 | K4: =[1]Demands!$M$11 -> 0.061881419
D5: Demand | E5: 2030 | F5: =BY_MANHEAT!$H$4*(1+$J$4)^(E5-2022) -> 3627.0438 | G5: MANHEAT
D6: Demand | E6: 2035 | F6: =BY_MANHEAT!$H$4*(1+$J$4)^(E6-2022) -> 5128.0201 | G6: MANHEAT
D7: Demand | E7: 2040 | F7: =BY_MANHEAT!$H$4*(1+$J$4)^(E7-2022) -> 7250.1442 | G7: MANHEAT
D8: Demand | E8: 2045 | F8: =BY_MANHEAT!$H$4*(1+$J$4)^(E8-2022) -> 10250.465 | G8: MANHEAT
D9: Demand | E9: 2050 | F9: =BY_MANHEAT!$H$4*(1+$J$4)^(E9-2022) -> 14492.406 | G9: MANHEAT
D10: Demand | E10: =E4 -> 2025 | F10: =BY_MANHEAT!$H$5*(1+$K$4)^(E10-2022) -> 5055.0933 | G10: =BY_MANHEAT!I5 -> MANHEATCOAL
D11: Demand | E11: =E5 -> 2030 | F11: =BY_MANHEAT!$H$5*(1+$K$4)^(E11-2022) -> 6825.1042 | G11: MANHEATCOAL
D12: Demand | E12: =E6 -> 2035 | F12: =BY_MANHEAT!$H$5*(1+$K$4)^(E12-2022) -> 9214.8738 | G12: MANHEATCOAL
D13: Demand | E13: =E7 -> 2040 | F13: =BY_MANHEAT!$H$5*(1+$K$4)^(E13-2022) -> 12441.407 | G13: MANHEATCOAL
D14: Demand | E14: =E8 -> 2045 | F14: =BY_MANHEAT!$H$5*(1+$K$4)^(E14-2022) -> 16797.692 | G14: MANHEATCOAL
D15: Demand | E15: =E9 -> 2050 | F15: =BY_MANHEAT!$H$5*(1+$K$4)^(E15-2022) -> 22679.304 | G15: MANHEATCOAL
